{
  "Author": "Marulu, StreetRat",
  "Name": "StopTheClip",
  "InternalName": "StopTheClip",
  "AssemblyVersion": "0.0.1.0",
  "Description": "Do you want to take close up screenshots? Are you a melee and hate having the boss model disappear on you? Then this is the plugin for you, it overrides the near clip and stops models from hiding on camera collision. This plugin is based on XIVR code.",
  "ApplicableVersion": "any",
  "RepoUrl": "https://github.com/ProjectMimer/StopTheClip",
  "Tags": [
    "utility"
  ],
  "DalamudApiLevel": 10,
  "LoadRequiredState": 0,
  "LoadSync": false,
  "CanUnloadAsync": false,
  "LoadPriority": 0,
  "Punchline": "Modification to game clipping",
  "AcceptsFeedback": false
}