{
  "Author": "Marulu, StreetRat",
  "Name": "MaskedCarnivale",
  "InternalName": "MaskedCarnivale",
  "AssemblyVersion": "0.0.0.1",
  "Description": "Allows you to record, or stream your game without displaying Dalamud plugins.",
  "ApplicableVersion": "any",
  "RepoUrl": "https://github.com/ProjectMimer/MaskedCarnivale",
  "Tags": [
    "utility"
  ],
  "DalamudApiLevel": 10,
  "LoadRequiredState": 0,
  "LoadSync": false,
  "CanUnloadAsync": false,
  "LoadPriority": 0,
  "Punchline": "Display the game in a separate window",
  "AcceptsFeedback": false
}