{
  "Author": "Marulu, StreetRat",
  "Name": "FriendlyFire",
  "InternalName": "FriendlyFire",
  "AssemblyVersion": "0.0.1.0",
  "Description": "Stops you from miss firing by disabling auto target on ranged jobs",
  "ApplicableVersion": "any",
  "RepoUrl": "https://github.com/ProjectMimer/FriendlyFire",
  "Tags": [
    "utility"
  ],
  "DalamudApiLevel": 10,
  "LoadRequiredState": 0,
  "LoadSync": false,
  "CanUnloadAsync": false,
  "LoadPriority": 0,
  "Punchline": "Stops AutoTarget on ranged jobs",
  "AcceptsFeedback": false
}